{
    "endpoints": [
      {
        "name": "Films",
        "url": "https://ghibliapi.vercel.app/films"
      },
      {
        "name": "Film",
        "url": "https://ghibliapi.vercel.app/films/<id>"
      },
      {
        "name": "People",
        "url": "https://ghibliapi.vercel.app/people"
      },
      {
        "name": "Person",
        "url": "https://ghibliapi.vercel.app/people/<id>"
      },
      {
        "name": "Locations",
        "url": "https://ghibliapi.vercel.app/locations"
      },
      {
        "name": "Location",
        "url": "https://ghibliapi.vercel.app/locations/<id>"
      },
      {
        "name": "Species",
        "url": "https://ghibliapi.vercel.app/species"
      },
      {
        "name": "Species",
        "url": "https://ghibliapi.vercel.app/species/<id>"
      },
      {
        "name": "Vehicles",
        "url": "https://ghibliapi.vercel.app/vehicles"
      },
      {
        "name": "Vehicle",
        "url": "https://ghibliapi.vercel.app/vehicles/<id>"
      }
    ]
  }  